company_year_id,company_id,annual_report_id,ticker,name,cik,fiscal_year,filing_date,sec_accession_id,report_path,report_hash,file_format,file_size_bytes,extraction_status,form_type,data_version,created_at,updated_at
1,1,32,AAPL,Apple Inc.,0000320193,2025,2025-10-31,0000320193-25-000079,data/raw/annual_reports/0000320193/2025/aapl_10k_2025.html,sha256:797fe7891b05cbec93ce3c7a54d2e918d99a86e494a270f2ab26060fc0cafcf3,txt,9392337,pending,10-K,v1,2025-12-01T12:54:10.937365+11:00,
2,1,33,AAPL,Apple Inc.,0000320193,2024,2024-11-01,0000320193-24-000123,data/raw/annual_reports/0000320193/2024/aapl_10k_2024.html,sha256:797fe7891b05cbec93ce3c7a54d2e918d99a86e494a270f2ab26060fc0cafcf3,txt,9759333,pending,10-K,v1,2025-12-01T12:54:18.376003+11:00,
3,1,34,AAPL,Apple Inc.,0000320193,2023,2023-11-03,0000320193-23-000106,data/raw/annual_reports/0000320193/2023/aapl_10k_2023.html,sha256:797fe7891b05cbec93ce3c7a54d2e918d99a86e494a270f2ab26060fc0cafcf3,html,1558924,pending,10-K,v1,2025-12-01T12:54:18.379600+11:00,
4,2,4,WMT,Walmart Inc.,0000104169,2025,2025-03-14,0000104169-25-000021,data/raw/annual_reports/0000104169/2025/wmt_10k_2025.html,sha256:797fe7891b05cbec93ce3c7a54d2e918d99a86e494a270f2ab26060fc0cafcf3,,89256,pending,10-K,v1,2025-12-01T12:54:20.384004+11:00,
5,2,5,WMT,Walmart Inc.,0000104169,2024,2024-03-15,0000104169-24-000056,data/raw/annual_reports/0000104169/2024/wmt_10k_2024.html,sha256:797fe7891b05cbec93ce3c7a54d2e918d99a86e494a270f2ab26060fc0cafcf3,,89256,pending,10-K,v1,2025-12-01T12:54:25.991555+11:00,
6,2,6,WMT,Walmart Inc.,0000104169,2023,2023-03-17,0000104169-23-000020,data/raw/annual_reports/0000104169/2023/wmt_10k_2023.html,sha256:797fe7891b05cbec93ce3c7a54d2e918d99a86e494a270f2ab26060fc0cafcf3,,89256,pending,10-K,v1,2025-12-01T12:54:25.995746+11:00,
7,3,7,MSFT,Microsoft Corporation,0000789019,2025,2025-07-30,0000950170-25-100235,data/raw/annual_reports/0000789019/2025/msft_10k_2025.html,sha256:797fe7891b05cbec93ce3c7a54d2e918d99a86e494a270f2ab26060fc0cafcf3,,89256,pending,10-K,v1,2025-12-01T12:54:28.008979+11:00,
8,3,8,MSFT,Microsoft Corporation,0000789019,2024,2024-07-30,0000950170-24-087843,data/raw/annual_reports/0000789019/2024/msft_10k_2024.html,sha256:797fe7891b05cbec93ce3c7a54d2e918d99a86e494a270f2ab26060fc0cafcf3,,89256,pending,10-K,v1,2025-12-01T12:54:33.673725+11:00,
9,3,9,MSFT,Microsoft Corporation,0000789019,2023,2023-07-27,0000950170-23-035122,data/raw/annual_reports/0000789019/2023/msft_10k_2023.html,sha256:797fe7891b05cbec93ce3c7a54d2e918d99a86e494a270f2ab26060fc0cafcf3,,89256,pending,10-K,v1,2025-12-01T12:54:33.677359+11:00,
10,4,10,AMZN,Amazon.com Inc.,0001018724,2025,2025-02-07,0001018724-25-000004,data/raw/annual_reports/0001018724/2025/amzn_10k_2025.html,sha256:797fe7891b05cbec93ce3c7a54d2e918d99a86e494a270f2ab26060fc0cafcf3,,89256,pending,10-K,v1,2025-12-01T12:54:35.688802+11:00,
11,4,11,AMZN,Amazon.com Inc.,0001018724,2024,2024-02-02,0001018724-24-000008,data/raw/annual_reports/0001018724/2024/amzn_10k_2024.html,sha256:797fe7891b05cbec93ce3c7a54d2e918d99a86e494a270f2ab26060fc0cafcf3,,89256,pending,10-K,v1,2025-12-01T12:54:41.262044+11:00,
12,4,12,AMZN,Amazon.com Inc.,0001018724,2023,2023-02-03,0001018724-23-000004,data/raw/annual_reports/0001018724/2023/amzn_10k_2023.html,sha256:797fe7891b05cbec93ce3c7a54d2e918d99a86e494a270f2ab26060fc0cafcf3,,89256,pending,10-K,v1,2025-12-01T12:54:41.266343+11:00,
13,5,13,GOOGL,Alphabet Inc.,0001652044,2025,2025-02-05,0001652044-25-000014,data/raw/annual_reports/0001652044/2025/googl_10k_2025.html,sha256:797fe7891b05cbec93ce3c7a54d2e918d99a86e494a270f2ab26060fc0cafcf3,,89256,pending,10-K,v1,2025-12-01T12:54:43.274823+11:00,
14,5,14,GOOGL,Alphabet Inc.,0001652044,2024,2024-01-31,0001652044-24-000022,data/raw/annual_reports/0001652044/2024/googl_10k_2024.html,sha256:797fe7891b05cbec93ce3c7a54d2e918d99a86e494a270f2ab26060fc0cafcf3,,89256,pending,10-K,v1,2025-12-01T12:54:48.766749+11:00,
15,5,15,GOOGL,Alphabet Inc.,0001652044,2023,2023-02-03,0001652044-23-000016,data/raw/annual_reports/0001652044/2023/googl_10k_2023.html,sha256:797fe7891b05cbec93ce3c7a54d2e918d99a86e494a270f2ab26060fc0cafcf3,,89256,pending,10-K,v1,2025-12-01T12:54:48.769768+11:00,
16,6,16,TSLA,Tesla Inc.,0001318605,2025,2025-01-30,0001628280-25-003063,data/raw/annual_reports/0001318605/2025/tsla_10k_2025.txt,sha256:19069624d70f800c989045422851ac3b7d0101c8e9ea4a615f02a6a576f4198d,txt,15788647,pending,10-K,v1,2025-12-01T12:54:50.776482+11:00,2025-12-06T03:22:38.036412+11:00
17,6,19,TSLA,Tesla Inc.,0001318605,2024,2024-01-29,0001628280-24-002390,data/raw/annual_reports/0001318605/2024/tsla_10k_2024.html,sha256:797fe7891b05cbec93ce3c7a54d2e918d99a86e494a270f2ab26060fc0cafcf3,,89256,pending,10-K,v1,2025-12-01T12:57:13.758157+11:00,
18,7,20,JPM,JPMorgan Chase & Co.,0000019617,2025,2025-02-14,0000019617-25-000270,data/raw/annual_reports/0000019617/2025/jpm_10k_2025.html,sha256:797fe7891b05cbec93ce3c7a54d2e918d99a86e494a270f2ab26060fc0cafcf3,,89256,pending,10-K,v1,2025-12-01T12:57:15.765794+11:00,
19,7,21,JPM,JPMorgan Chase & Co.,0000019617,2024,2024-02-16,0000019617-24-000225,data/raw/annual_reports/0000019617/2024/jpm_10k_2024.html,sha256:797fe7891b05cbec93ce3c7a54d2e918d99a86e494a270f2ab26060fc0cafcf3,,89256,pending,10-K,v1,2025-12-01T12:57:26.286199+11:00,
20,7,22,JPM,JPMorgan Chase & Co.,0000019617,2023,2023-02-21,0000019617-23-000231,data/raw/annual_reports/0000019617/2023/jpm_10k_2023.html,sha256:797fe7891b05cbec93ce3c7a54d2e918d99a86e494a270f2ab26060fc0cafcf3,,89256,pending,10-K,v1,2025-12-01T12:57:26.293831+11:00,
21,8,38,JNJ,Johnson & Johnson,0000200406,2025,2025-02-13,0000200406-25-000038,data/raw/annual_reports/0000200406/2025/jnj_10k_2025.html,sha256:797fe7891b05cbec93ce3c7a54d2e918d99a86e494a270f2ab26060fc0cafcf3,txt,24342209,pending,10-K,v1,2025-12-01T12:57:28.302257+11:00,
22,8,39,JNJ,Johnson & Johnson,0000200406,2024,2024-02-16,0000200406-24-000013,data/raw/annual_reports/0000200406/2024/jnj_10k_2024.html,sha256:797fe7891b05cbec93ce3c7a54d2e918d99a86e494a270f2ab26060fc0cafcf3,txt,22222717,pending,10-K,v1,2025-12-01T12:57:34.220207+11:00,
23,8,40,JNJ,Johnson & Johnson,0000200406,2023,2023-02-16,0000200406-23-000016,data/raw/annual_reports/0000200406/2023/jnj_10k_2023.html,sha256:797fe7891b05cbec93ce3c7a54d2e918d99a86e494a270f2ab26060fc0cafcf3,txt,24820081,pending,10-K,v1,2025-12-01T12:57:34.223001+11:00,
24,9,41,V,Visa Inc.,0001403161,2025,2025-11-06,0001403161-25-000089,data/raw/annual_reports/0001403161/2025/v_10k_2025.html,sha256:797fe7891b05cbec93ce3c7a54d2e918d99a86e494a270f2ab26060fc0cafcf3,txt,20273752,pending,10-K,v1,2025-12-01T12:57:36.231434+11:00,
25,9,42,V,Visa Inc.,0001403161,2024,2024-11-13,0001403161-24-000058,data/raw/annual_reports/0001403161/2024/v_10k_2024.html,sha256:797fe7891b05cbec93ce3c7a54d2e918d99a86e494a270f2ab26060fc0cafcf3,txt,20182344,pending,10-K,v1,2025-12-01T12:57:41.958707+11:00,
26,9,43,V,Visa Inc.,0001403161,2023,2023-11-15,0001403161-23-000099,data/raw/annual_reports/0001403161/2023/v_10k_2023.html,sha256:797fe7891b05cbec93ce3c7a54d2e918d99a86e494a270f2ab26060fc0cafcf3,txt,19718853,pending,10-K,v1,2025-12-01T12:57:41.962031+11:00,
27,10,35,PG,Procter & Gamble Co.,0000080424,2025,2025-08-04,0000080424-25-000076,data/raw/annual_reports/0000080424/2025/pg_10k_2025.html,sha256:797fe7891b05cbec93ce3c7a54d2e918d99a86e494a270f2ab26060fc0cafcf3,txt,15224910,pending,10-K,v1,2025-12-01T12:57:43.968071+11:00,
28,10,36,PG,Procter & Gamble Co.,0000080424,2024,2024-08-05,0000080424-24-000083,data/raw/annual_reports/0000080424/2024/pg_10k_2024.html,sha256:797fe7891b05cbec93ce3c7a54d2e918d99a86e494a270f2ab26060fc0cafcf3,txt,15697275,pending,10-K,v1,2025-12-01T12:57:49.609872+11:00,
29,10,37,PG,Procter & Gamble Co.,0000080424,2023,2023-08-04,0000080424-23-000073,data/raw/annual_reports/0000080424/2023/pg_10k_2023.html,sha256:797fe7891b05cbec93ce3c7a54d2e918d99a86e494a270f2ab26060fc0cafcf3,txt,14673218,pending,10-K,v1,2025-12-01T12:57:49.613340+11:00,
32,11,46,CMG,Chipotle Mexican Grill,0001058090,2023,,cmg_10k_2023,data/raw/annual_reports/1058090/2023/cmg_10k_2023.html,55a2fff9f9144e0001237162dc2f770858460ac6d396907bcbe093ae928a9bc0,html,4387354,pending,10-K,v1,2025-12-06T19:23:55.190099+11:00,
30,11,44,CMG,Chipotle Mexican Grill,0001058090,2021,,cmg_10k_2021,data/raw/annual_reports/1058090/2021/cmg_10k_2021.txt,e764ef12f21ba727fb6e810c167a2486de16baa562ea71d14ff2b013183c06c6,txt,16225684,pending,10-K,v1,2025-12-06T19:23:55.190099+11:00,
31,11,45,CMG,Chipotle Mexican Grill,0001058090,2022,,cmg_10k_2022,data/raw/annual_reports/1058090/2022/cmg_10k_2022.html,17f2097b2d7615c2f1e42bec933da48fcaafd7ae050ec473e3130e71316fd124,html,4134802,pending,10-K,v1,2025-12-06T19:23:55.190099+11:00,
33,11,47,CMG,Chipotle Mexican Grill,0001058090,2024,,cmg_10k_2024,data/raw/annual_reports/1058090/2024/cmg_10k_2024.txt,71157b75660371b3661231700e8e1b103a5bbe0852d397539b0865cd6b0c66a3,txt,18594481,pending,10-K,v1,2025-12-06T19:23:55.190099+11:00,
34,11,48,CMG,Chipotle Mexican Grill,0001058090,2025,,cmg_10k_2025,data/raw/annual_reports/1058090/2025/cmg_10k_2025.txt,4076f360a5188fd56ce2d3a047f6ce16db3f0656e8b21f7119e7453e7f1b38f8,txt,9800784,pending,10-K,v1,2025-12-06T19:23:55.190099+11:00,
35,12,49,CB,Chubb Limited,0000896159,2023,,cb_10k_2023,data/raw/annual_reports/896159/2023/cb_10k_2023.html,40ae57530bffb1ec4b463042174acbec0b86ee30027dda1f8521cc29f84bb405,html,1897233,pending,10-K,v1,2025-12-06T19:23:55.264721+11:00,
36,12,50,CB,Chubb Limited,0000896159,2025,,cb_10k_2025,data/raw/annual_reports/896159/2025/cb_10k_2025.txt,a76a7b4c7dc18f2ce00ba44c072b54fbdd3500c0b1dd26c828fa7c9b3df91a8a,txt,49004183,pending,10-K,v1,2025-12-06T19:23:55.264721+11:00,
37,13,51,CHD,Church & Dwight,0000313927,2022,,chd_10k_2022,data/raw/annual_reports/313927/2022/chd_10k_2022.html,321cdffc2837f782a43e441ea7a88d30099c60c13aa2f459be1749c83ab1327b,html,4719695,pending,10-K,v1,2025-12-06T19:23:55.299415+11:00,
38,13,52,CHD,Church & Dwight,0000313927,2023,,chd_10k_2023,data/raw/annual_reports/313927/2023/chd_10k_2023.txt,9859357cf5bc3739870f33b645208f2d12e23b6cae44a04359b0ff8a7c2f0d2b,txt,24399535,pending,10-K,v1,2025-12-06T19:23:55.299415+11:00,
39,13,53,CHD,Church & Dwight,0000313927,2024,,chd_10k_2024,data/raw/annual_reports/313927/2024/chd_10k_2024.txt,84ff59194ce32b33246e5338fc76436d8aa56b6a490b2d919a9e2a9b248d7db2,txt,17179734,pending,10-K,v1,2025-12-06T19:23:55.299415+11:00,
40,13,54,CHD,Church & Dwight,0000313927,2025,,chd_10k_2025,data/raw/annual_reports/313927/2025/chd_10k_2025.txt,d4331d0fc921915dbcab685511c325632a70a1fa7a4ef9976ee0008b3d1617c9,txt,19883736,pending,10-K,v1,2025-12-06T19:23:55.299415+11:00,
41,14,55,CI,Cigna,0001739940,2021,,ci_10k_2021,data/raw/annual_reports/1739940/2021/ci_10k_2021.txt,89a3bfdcfc206636d4b9ef0b00579ccc886238f5a0704abe15f9442b720b4aab,txt,32963629,pending,10-K,v1,2025-12-06T19:23:55.347254+11:00,
42,14,56,CI,Cigna,0001739940,2022,,ci_10k_2022,data/raw/annual_reports/1739940/2022/ci_10k_2022.html,280d9ff6f4d7a245ea22ad7d76c5be2abbc05cda98ac4a213708f8cf6a803389,html,6478726,pending,10-K,v1,2025-12-06T19:23:55.347254+11:00,
43,14,57,CI,Cigna,0001739940,2023,,ci_10k_2023,data/raw/annual_reports/1739940/2023/ci_10k_2023.txt,2c17e5cbe9916fc8a4cb7200f7fc50dfc74d15ab39c77605730f02d9e75924cd,txt,30960615,pending,10-K,v1,2025-12-06T19:23:55.347254+11:00,
44,14,58,CI,Cigna,0001739940,2024,,ci_10k_2024,data/raw/annual_reports/1739940/2024/ci_10k_2024.txt,297ff644b913ee49312f343b61e834b5828b728235d51458bb79cb0f892a8277,txt,31401519,pending,10-K,v1,2025-12-06T19:23:55.347254+11:00,
45,14,59,CI,Cigna,0001739940,2025,,ci_10k_2025,data/raw/annual_reports/1739940/2025/ci_10k_2025.txt,662f031cc92525d2b12d460e9dc0a15e47462efe4ab2d5a469952c605e3a9b60,txt,27879194,pending,10-K,v1,2025-12-06T19:23:55.347254+11:00,
46,15,60,CINF,Cincinnati Financial,0000020286,2021,,cinf_10k_2021,data/raw/annual_reports/20286/2021/cinf_10k_2021.html,18a5af10e122980cfec18c3e7c8f76a652a31b59da6e548845218fed7c532eb9,html,8404156,pending,10-K,v1,2025-12-06T19:23:55.436841+11:00,
47,15,61,CINF,Cincinnati Financial,0000020286,2022,,cinf_10k_2022,data/raw/annual_reports/20286/2022/cinf_10k_2022.txt,ab36fa7ee3f7b40e62beda5ab4ed6cb534bad6da93e8c92afd63adc66022aee1,txt,29402888,pending,10-K,v1,2025-12-06T19:23:55.436841+11:00,
48,15,62,CINF,Cincinnati Financial,0000020286,2023,,cinf_10k_2023,data/raw/annual_reports/20286/2023/cinf_10k_2023.txt,6b09bf524f53ce425da72f9412434018a8e36d452208b1ef54c09c1b105bc545,txt,29573611,pending,10-K,v1,2025-12-06T19:23:55.436841+11:00,
49,15,63,CINF,Cincinnati Financial,0000020286,2024,,cinf_10k_2024,data/raw/annual_reports/20286/2024/cinf_10k_2024.html,13bca251f911f6bd7a42431fddb101cc3eefb05b5dda03705282a1fe13b4b994,html,7490465,pending,10-K,v1,2025-12-06T19:23:55.436841+11:00,
50,15,64,CINF,Cincinnati Financial,0000020286,2025,,cinf_10k_2025,data/raw/annual_reports/20286/2025/cinf_10k_2025.html,5404251573943a93af6a27c662e58444d9da63807618b15975ec62c6827e18d1,html,7430058,pending,10-K,v1,2025-12-06T19:23:55.436841+11:00,
51,16,65,CTAS,Cintas,0000723254,2021,,ctas_10k_2021,data/raw/annual_reports/723254/2021/ctas_10k_2021.html,53b0afcf4999b49f15f53669d4504c6ef654d00d6625763999a8cc8c77903476,html,8723,pending,10-K,v1,2025-12-06T19:23:55.496076+11:00,
52,16,66,CTAS,Cintas,0000723254,2022,,ctas_10k_2022,data/raw/annual_reports/723254/2022/ctas_10k_2022.html,a668d7a90eed60e4b36dbd14728937a2b9b03b08a34919ae3ab9fa16d4eb99e1,html,8695,pending,10-K,v1,2025-12-06T19:23:55.496076+11:00,
53,16,67,CTAS,Cintas,0000723254,2023,,ctas_10k_2023,data/raw/annual_reports/723254/2023/ctas_10k_2023.txt,3d92cfbb001b453876307c62ff778c75ed0e089a3f8f0072bb954358a2369967,txt,14798277,pending,10-K,v1,2025-12-06T19:23:55.496076+11:00,
54,16,68,CTAS,Cintas,0000723254,2024,,ctas_10k_2024,data/raw/annual_reports/723254/2024/ctas_10k_2024.txt,e329e4f803513af2c465863c1f46a54384f362f43139d27b92c1270356e0ece3,txt,15729082,pending,10-K,v1,2025-12-06T19:23:55.496076+11:00,
55,16,69,CTAS,Cintas,0000723254,2025,,ctas_10k_2025,data/raw/annual_reports/723254/2025/ctas_10k_2025.txt,863244ea3490781d315ca44b2855294fa0f9a011ba1c13d5bcf84cbec7ee4de5,txt,14758281,pending,10-K,v1,2025-12-06T19:23:55.496076+11:00,
56,17,70,CSCO,Cisco,0000858877,2021,,csco_10k_2021,data/raw/annual_reports/858877/2021/csco_10k_2021.html,4b37cf0d2c17dfbb2204f90fb8d7e781d011601b938b8f79c0d0628cb7b1b1b3,html,4460962,pending,10-K,v1,2025-12-06T19:23:55.533173+11:00,
57,17,71,CSCO,Cisco,0000858877,2023,,csco_10k_2023,data/raw/annual_reports/858877/2023/csco_10k_2023.txt,ce39de7f4b104ce245221a509b10831a835808d453006bfbb95edcf1d46c9246,txt,20682790,pending,10-K,v1,2025-12-06T19:23:55.533173+11:00,
58,17,72,CSCO,Cisco,0000858877,2024,,csco_10k_2024,data/raw/annual_reports/858877/2024/csco_10k_2024.txt,270bec3bbca46cb8187f963250013a1464cdcb8de9f4c8a9dea18aa928d14382,txt,21996110,pending,10-K,v1,2025-12-06T19:23:55.533173+11:00,
59,17,73,CSCO,Cisco,0000858877,2025,,csco_10k_2025,data/raw/annual_reports/858877/2025/csco_10k_2025.html,c63d07c5ceca03b9854bb42270dc157b707ee8983ea31de2668974495301da1a,html,3528800,pending,10-K,v1,2025-12-06T19:23:55.533173+11:00,
60,18,74,C,Citigroup,0000831001,2025,,c_10k_2025,data/raw/annual_reports/831001/2025/c_10k_2025.txt,5f466819f9882a6443d469f448df16859103adafdaaeca2f78961672f0fd8c97,txt,80815499,pending,10-K,v1,2025-12-06T19:23:55.575780+11:00,
61,19,75,CFG,Citizens Financial Group,0000759944,2021,,cfg_10k_2021,data/raw/annual_reports/759944/2021/cfg_10k_2021.txt,8f63aeb9f586d0f621d3b9853c719763e7b7917383f1b4503dcfb2bf75194540,txt,34619414,pending,10-K,v1,2025-12-06T19:23:55.628745+11:00,
62,19,76,CFG,Citizens Financial Group,0000759944,2022,,cfg_10k_2022,data/raw/annual_reports/759944/2022/cfg_10k_2022.txt,e859983542d7e26c50627222bf7738f6fac4b6f833e830f17cfa4145f6bdbad4,txt,33677822,pending,10-K,v1,2025-12-06T19:23:55.628745+11:00,
63,19,77,CFG,Citizens Financial Group,0000759944,2023,,cfg_10k_2023,data/raw/annual_reports/759944/2023/cfg_10k_2023.txt,41ff775b06ceca173b702e485b378f988c72c67f2ded2bf17ccc4d1aef08ef26,txt,34596439,pending,10-K,v1,2025-12-06T19:23:55.628745+11:00,
64,19,78,CFG,Citizens Financial Group,0000759944,2025,,cfg_10k_2025,data/raw/annual_reports/759944/2025/cfg_10k_2025.txt,0cb8fe959b76281972e08762fd1f9e53a5a952ff9d6d1e58a92a9e8f5083b426,txt,32325259,pending,10-K,v1,2025-12-06T19:23:55.628745+11:00,
65,20,79,CLX,Clorox,0000021076,2021,,clx_10k_2021,data/raw/annual_reports/21076/2021/clx_10k_2021.txt,d009e8ee33e899fea5e5dc3f52e5f465b4b439bfee387885165463243c9bd7ce,txt,17170807,pending,10-K,v1,2025-12-06T19:23:55.721908+11:00,
66,20,80,CLX,Clorox,0000021076,2022,,clx_10k_2022,data/raw/annual_reports/21076/2022/clx_10k_2022.html,4c0d6f255725f0bfa8bae672743cb95fac126033af795b5f1d76c84910094626,html,769441,pending,10-K,v1,2025-12-06T19:23:55.721908+11:00,
67,20,81,CLX,Clorox,0000021076,2023,,clx_10k_2023,data/raw/annual_reports/21076/2023/clx_10k_2023.html,9ae0fd52d2893b84ebeff9bf735e29b4a671bf702f0d1f3302cb80ec82b6ed2d,html,759326,pending,10-K,v1,2025-12-06T19:23:55.721908+11:00,
68,20,82,CLX,Clorox,0000021076,2024,,clx_10k_2024,data/raw/annual_reports/21076/2024/clx_10k_2024.txt,67febdfcf64941dd4d84bce78136aa7766a5e1f89febf3063ac3d3b25938ef92,txt,16875717,pending,10-K,v1,2025-12-06T19:23:55.721908+11:00,
69,20,83,CLX,Clorox,0000021076,2025,,clx_10k_2025,data/raw/annual_reports/21076/2025/clx_10k_2025.txt,7706614fbd4ea173a1126efb35310c6cad80f6edf2c1fc3ec6cc03901df09d58,txt,16853448,pending,10-K,v1,2025-12-06T19:23:55.721908+11:00,
70,21,84,CME,CME Group,0001156375,2021,,cme_10k_2021,data/raw/annual_reports/1156375/2021/cme_10k_2021.txt,dce3a1dd9e87496e962b79b14c7f5f2f2b6fd089b88c05bbbcdad831b98821d6,txt,13993143,pending,10-K,v1,2025-12-06T19:23:55.773847+11:00,
71,21,85,CME,CME Group,0001156375,2022,,cme_10k_2022,data/raw/annual_reports/1156375/2022/cme_10k_2022.txt,42161841a351f3332fe65079944f2be27b7867fed4ede54cdb62ce723284c2c2,txt,13512058,pending,10-K,v1,2025-12-06T19:23:55.773847+11:00,
72,21,86,CME,CME Group,0001156375,2023,,cme_10k_2023,data/raw/annual_reports/1156375/2023/cme_10k_2023.txt,a6bb694a6c6e5d254e673c1e1ab84f1325e5981674940f58ad27e90455890961,txt,13212707,pending,10-K,v1,2025-12-06T19:23:55.773847+11:00,
73,21,87,CME,CME Group,0001156375,2024,,cme_10k_2024,data/raw/annual_reports/1156375/2024/cme_10k_2024.txt,7c50fe1ed3382519f9c034e6057f8dd23978126791279d8f249d768ecf6776e0,txt,11695692,pending,10-K,v1,2025-12-06T19:23:55.773847+11:00,
74,21,88,CME,CME Group,0001156375,2025,,cme_10k_2025,data/raw/annual_reports/1156375/2025/cme_10k_2025.txt,f24113f53751d6156594f73339c96e2cc3bc97df7f4892fa7e3b68f0754935f9,txt,11825688,pending,10-K,v1,2025-12-06T19:23:55.773847+11:00,
75,22,89,CMS,CMS Energy,0000811156,2021,,cms_10k_2021,data/raw/annual_reports/811156/2021/cms_10k_2021.txt,c882e2d4b92fb5e1b21261a47be10186a3983fe2ac72b399ec63ac6a32df7955,txt,44016788,pending,10-K,v1,2025-12-06T19:23:55.829568+11:00,
76,22,90,CMS,CMS Energy,0000811156,2024,,cms_10k_2024,data/raw/annual_reports/811156/2024/cms_10k_2024.txt,e9b239e21ed3fcf89fd153f14a6d31be6599c669a955e1a43ecdb9f7662b77cd,txt,42968369,pending,10-K,v1,2025-12-06T19:23:55.829568+11:00,
77,22,91,CMS,CMS Energy,0000811156,2025,,cms_10k_2025,data/raw/annual_reports/811156/2025/cms_10k_2025.txt,bb778275f5c7e76286d0fb7fe273ec4c37441c97bb241b2db452ed9ecf97b17f,txt,44941952,pending,10-K,v1,2025-12-06T19:23:55.829568+11:00,
78,23,92,KO,Coca-Cola Company (The),0000021344,2021,,ko_10k_2021,data/raw/annual_reports/21344/2021/ko_10k_2021.txt,f81ef4d0d922744849a369eecea804e19cdd4b4f21d053cf0dcf06579efc34e0,txt,27736932,pending,10-K,v1,2025-12-06T19:23:55.913781+11:00,
79,23,93,KO,Coca-Cola Company (The),0000021344,2022,,ko_10k_2022,data/raw/annual_reports/21344/2022/ko_10k_2022.txt,f50b03abc35c762c27b96800d8a32bdb05be6ea089da69912e4ab14b168cad77,txt,26586849,pending,10-K,v1,2025-12-06T19:23:55.913781+11:00,
80,23,94,KO,Coca-Cola Company (The),0000021344,2023,,ko_10k_2023,data/raw/annual_reports/21344/2023/ko_10k_2023.txt,ccb6a04d822dbcf7ba8827c4069fcbba52a7783eb97d8d051c86e60325bc64e5,txt,27436470,pending,10-K,v1,2025-12-06T19:23:55.913781+11:00,
81,23,95,KO,Coca-Cola Company (The),0000021344,2024,,ko_10k_2024,data/raw/annual_reports/21344/2024/ko_10k_2024.txt,0ff70a9f4757c23a3884629562cdbdc234e42877d881019c72b6ad8c9fc5789a,txt,26172517,pending,10-K,v1,2025-12-06T19:23:55.913781+11:00,
82,23,96,KO,Coca-Cola Company (The),0000021344,2025,,ko_10k_2025,data/raw/annual_reports/21344/2025/ko_10k_2025.txt,4b7cafaec282cf5e7ad5fb69927a8bfc52cb242a2c9cf93bc040746787042c46,txt,23750417,pending,10-K,v1,2025-12-06T19:23:55.913781+11:00,
83,24,97,CTSH,Cognizant,0001058290,2021,,ctsh_10k_2021,data/raw/annual_reports/1058290/2021/ctsh_10k_2021.html,276bdc9e4b7a2092fdbddd00ea637fb736788f2476b290b29a9be8c785be0570,html,3665765,pending,10-K,v1,2025-12-06T19:23:56.008702+11:00,
84,24,98,CTSH,Cognizant,0001058290,2022,,ctsh_10k_2022,data/raw/annual_reports/1058290/2022/ctsh_10k_2022.txt,5aa71362162c1de959328d8e0d6262ecebdd4e012f3b2cea05b1d61deac9a54d,txt,19065635,pending,10-K,v1,2025-12-06T19:23:56.008702+11:00,
85,24,99,CTSH,Cognizant,0001058290,2023,,ctsh_10k_2023,data/raw/annual_reports/1058290/2023/ctsh_10k_2023.html,6f8e02fe42484f786feed7fe62ca88cd761469cb84928a19d0e8636f71935bf0,html,3510905,pending,10-K,v1,2025-12-06T19:23:56.008702+11:00,
86,24,100,CTSH,Cognizant,0001058290,2024,,ctsh_10k_2024,data/raw/annual_reports/1058290/2024/ctsh_10k_2024.txt,67ec12b80057448034ddefe48d38facf9830a594bf076c762a85c20d66356742,txt,16163563,pending,10-K,v1,2025-12-06T19:23:56.008702+11:00,
87,24,101,CTSH,Cognizant,0001058290,2025,,ctsh_10k_2025,data/raw/annual_reports/1058290/2025/ctsh_10k_2025.txt,8eb2f4af5307dbd8c3592fded0de0da84a6531bedde46a9d9ea71ccdf96fb393,txt,22258698,pending,10-K,v1,2025-12-06T19:23:56.008702+11:00,
88,25,102,COIN,Coinbase,0001679788,2022,,coin_10k_2022,data/raw/annual_reports/1679788/2022/coin_10k_2022.txt,55a458025d5a3649bc5282a35d97bb891bb4b4740da6d94c6e81af6dfb6806a2,txt,19246496,pending,10-K,v1,2025-12-06T19:23:56.063057+11:00,
89,25,103,COIN,Coinbase,0001679788,2023,,coin_10k_2023,data/raw/annual_reports/1679788/2023/coin_10k_2023.txt,559b5bb522047f99227b2b97fb9444e67e55e57fcf51ebaf04b1f2a6e627289c,txt,19478341,pending,10-K,v1,2025-12-06T19:23:56.063057+11:00,
90,25,104,COIN,Coinbase,0001679788,2024,,coin_10k_2024,data/raw/annual_reports/1679788/2024/coin_10k_2024.txt,08f8b2e05f9802f0721e332eaa8c017fe2f0e87ab4d38188ca8cf898b51ff2b6,txt,18669498,pending,10-K,v1,2025-12-06T19:23:56.063057+11:00,
91,25,105,COIN,Coinbase,0001679788,2025,,coin_10k_2025,data/raw/annual_reports/1679788/2025/coin_10k_2025.txt,79cf479d0bf393221548a7a7b8405edf802c3a4004a416b7b350594f146a0e91,txt,20193810,pending,10-K,v1,2025-12-06T19:23:56.063057+11:00,
92,26,106,CL,Colgate-Palmolive,0000021665,2021,,cl_10k_2021,data/raw/annual_reports/21665/2021/cl_10k_2021.html,50bea77593aed6f6931893940d1c5c52f712013e36adbf59994fc4cf80928688,html,4044081,pending,10-K,v1,2025-12-06T19:23:56.117142+11:00,
93,26,107,CL,Colgate-Palmolive,0000021665,2022,,cl_10k_2022,data/raw/annual_reports/21665/2022/cl_10k_2022.txt,bc3ef986dee21fddd6ee5e2b7842cd9c62327db2da782bbcff381fe1dcae2cb7,txt,18461670,pending,10-K,v1,2025-12-06T19:23:56.117142+11:00,
94,26,108,CL,Colgate-Palmolive,0000021665,2023,,cl_10k_2023,data/raw/annual_reports/21665/2023/cl_10k_2023.html,175f41f753e1ecabbe81972d17d983c48b469d0639c7128de87f6553a7fc8f1e,html,3778267,pending,10-K,v1,2025-12-06T19:23:56.117142+11:00,
95,26,109,CL,Colgate-Palmolive,0000021665,2024,,cl_10k_2024,data/raw/annual_reports/21665/2024/cl_10k_2024.txt,d220d5b0db94bcbcc8614a43646301a4b474821790237ca3bc4ace38ae2b6f5c,txt,17590554,pending,10-K,v1,2025-12-06T19:23:56.117142+11:00,
96,26,110,CL,Colgate-Palmolive,0000021665,2025,,cl_10k_2025,data/raw/annual_reports/21665/2025/cl_10k_2025.html,c566f0545f22bac0584eec40c6651f526f692feb3bd63ca5ae74caa2937e172a,html,2836556,pending,10-K,v1,2025-12-06T19:23:56.117142+11:00,
97,27,111,CMCSA,Comcast,0001166691,2021,,cmcsa_10k_2021,data/raw/annual_reports/1166691/2021/cmcsa_10k_2021.txt,63ae1be564217800c45ee09113543046d966b6a78b0242bb9ecbed7dd7aec425,txt,18086742,pending,10-K,v1,2025-12-06T19:23:56.158445+11:00,
98,27,112,CMCSA,Comcast,0001166691,2022,,cmcsa_10k_2022,data/raw/annual_reports/1166691/2022/cmcsa_10k_2022.txt,794d6bd0312491bdba02f9c0ecbebd02bfacbf759934a4c84211d0eaa13db25d,txt,17719699,pending,10-K,v1,2025-12-06T19:23:56.158445+11:00,
99,27,113,CMCSA,Comcast,0001166691,2023,,cmcsa_10k_2023,data/raw/annual_reports/1166691/2023/cmcsa_10k_2023.html,1fea14f2402c1eea919885edac7ab654fb2652a3cc6e4661f6baa713528dd21b,html,3535749,pending,10-K,v1,2025-12-06T19:23:56.158445+11:00,
100,27,114,CMCSA,Comcast,0001166691,2024,,cmcsa_10k_2024,data/raw/annual_reports/1166691/2024/cmcsa_10k_2024.html,a64eab037fcf95b8aa062a6815c1f8a6054c33ebd80ba7c42f0aa1d2f1eb2a6c,html,2985040,pending,10-K,v1,2025-12-06T19:23:56.158445+11:00,
101,27,115,CMCSA,Comcast,0001166691,2025,,cmcsa_10k_2025,data/raw/annual_reports/1166691/2025/cmcsa_10k_2025.txt,1c9c20a105e90bc954b1e250bf90277eb97360f5ac013a3befb4fd9987a74cef,txt,17462578,pending,10-K,v1,2025-12-06T19:23:56.158445+11:00,
102,28,116,CAG,Conagra Brands,0000023217,2023,,cag_10k_2023,data/raw/annual_reports/23217/2023/cag_10k_2023.txt,408ff213ba3211685030bb786593806e8019a2269ea7b57d34573baae44b492e,txt,17203449,pending,10-K,v1,2025-12-06T19:23:56.210658+11:00,
103,28,117,CAG,Conagra Brands,0000023217,2024,,cag_10k_2024,data/raw/annual_reports/23217/2024/cag_10k_2024.txt,cb126c527ee77798d486d1f867e9016d03927f296e58a29d1e0f1f629b40ad94,txt,21281319,pending,10-K,v1,2025-12-06T19:23:56.210658+11:00,
104,28,118,CAG,Conagra Brands,0000023217,2025,,cag_10k_2025,data/raw/annual_reports/23217/2025/cag_10k_2025.html,c7102b84d1fc1d589a7d4476a33768754dcd4bba297bba8ba58840d72eaeaaec,html,4629398,pending,10-K,v1,2025-12-06T19:23:56.210658+11:00,
105,29,119,COP,ConocoPhillips,0001163165,2021,,cop_10k_2021,data/raw/annual_reports/1163165/2021/cop_10k_2021.txt,56bd4e7192af0d8664bd338512a3a924cff63cd63136bb463940b42b720615dc,txt,25477804,pending,10-K,v1,2025-12-06T19:23:56.248719+11:00,
106,29,120,COP,ConocoPhillips,0001163165,2022,,cop_10k_2022,data/raw/annual_reports/1163165/2022/cop_10k_2022.txt,ba7a76ac93c97fe35a7e16a9f53ab6a5f88573c81ca910c2e08219ccaf549d07,txt,24942754,pending,10-K,v1,2025-12-06T19:23:56.248719+11:00,
107,29,121,COP,ConocoPhillips,0001163165,2023,,cop_10k_2023,data/raw/annual_reports/1163165/2023/cop_10k_2023.txt,43ef85b828b50fb55e8d033f366c3862a6e0388fb1ca16a97e42639f669e3548,txt,29815291,pending,10-K,v1,2025-12-06T19:23:56.248719+11:00,
108,29,122,COP,ConocoPhillips,0001163165,2024,,cop_10k_2024,data/raw/annual_reports/1163165/2024/cop_10k_2024.txt,66701edfca75da42367555cb4f787a972351d4a79aa609fd335d683b5004d9f0,txt,26759700,pending,10-K,v1,2025-12-06T19:23:56.248719+11:00,
109,29,123,COP,ConocoPhillips,0001163165,2025,,cop_10k_2025,data/raw/annual_reports/1163165/2025/cop_10k_2025.txt,e53eabf057b82f7eb9140d71ee50b4f10147315bc7adade27b2ff8e406dc81ff,txt,35979099,pending,10-K,v1,2025-12-06T19:23:56.248719+11:00,
110,30,124,ED,Consolidated Edison,0001047862,2021,,ed_10k_2021,data/raw/annual_reports/1047862/2021/ed_10k_2021.html,11be65159eec4f87f015dbaa57050c92e70a3b9c4ab54b6f3e46bf3c7761c0c0,html,8608796,pending,10-K,v1,2025-12-06T19:23:56.351599+11:00,
111,30,125,ED,Consolidated Edison,0001047862,2022,,ed_10k_2022,data/raw/annual_reports/1047862/2022/ed_10k_2022.html,6d509bce88c8acfb5c5f7faa2a7dc3410e29d8d80ebe9b378deca0241ebb686b,html,8629036,pending,10-K,v1,2025-12-06T19:23:56.351599+11:00,
112,30,126,ED,Consolidated Edison,0001047862,2023,,ed_10k_2023,data/raw/annual_reports/1047862/2023/ed_10k_2023.html,a702986e05f2037ded2692f17374f2b452c78b37cca0eaba7d11c19f555813c7,html,9131336,pending,10-K,v1,2025-12-06T19:23:56.351599+11:00,
113,30,127,ED,Consolidated Edison,0001047862,2024,,ed_10k_2024,data/raw/annual_reports/1047862/2024/ed_10k_2024.txt,cef4d635a0ce9dfa5f38fa2529f7e4068a0dad5bcdf7563e80a1f941c7520440,txt,32966146,pending,10-K,v1,2025-12-06T19:23:56.351599+11:00,
114,30,128,ED,Consolidated Edison,0001047862,2025,,ed_10k_2025,data/raw/annual_reports/1047862/2025/ed_10k_2025.html,602fa30e371449a4e40c1f53fcd043fa8b54e369a0216d8addd5421aa842b5e1,html,6254518,pending,10-K,v1,2025-12-06T19:23:56.351599+11:00,
115,31,129,STZ,Constellation Brands,0000016918,2022,,stz_10k_2022,data/raw/annual_reports/16918/2022/stz_10k_2022.txt,aa237c07b0fad93000e7e0425bb37e5e7da0e696acf1652f61085cfe11ec25f5,txt,47471485,pending,10-K,v1,2025-12-06T19:23:56.408265+11:00,
116,31,130,STZ,Constellation Brands,0000016918,2025,,stz_10k_2025,data/raw/annual_reports/16918/2025/stz_10k_2025.html,26c31bc793246c7fd73b078b4cc19e52ec97f9ce8868667d3fbd9720400b77d2,html,101863,pending,10-K,v1,2025-12-06T19:23:56.408265+11:00,
117,32,131,CEG,Constellation Energy,0001868275,2022,,ceg_10k_2022,data/raw/annual_reports/1868275/2022/ceg_10k_2022.txt,11165916ec72dc0c32662fee66ae1eb4837d985446790a0402df39e5a0ddeddd,txt,159105167,pending,10-K,v1,2025-12-06T19:23:56.443551+11:00,
118,32,132,CEG,Constellation Energy,0001868275,2023,,ceg_10k_2023,data/raw/annual_reports/1868275/2023/ceg_10k_2023.txt,e982cbb12b9e47a3361ac574a1e88bf644d78cdc8aecef38cbd034f7a8f238cd,txt,30970559,pending,10-K,v1,2025-12-06T19:23:56.443551+11:00,
119,32,133,CEG,Constellation Energy,0001868275,2024,,ceg_10k_2024,data/raw/annual_reports/1868275/2024/ceg_10k_2024.txt,ef524c476bc0b4a9b241a4ff36534d2fc00c404743935c1a38080969dc7c4791,txt,31325765,pending,10-K,v1,2025-12-06T19:23:56.443551+11:00,
120,32,134,CEG,Constellation Energy,0001868275,2025,,ceg_10k_2025,data/raw/annual_reports/1868275/2025/ceg_10k_2025.txt,0a9bb923eab0e9d6998c4f7d8c5d2b68e149c0a69cf25cde4a1d6ab062bf17cf,txt,69155961,pending,10-K,v1,2025-12-06T19:23:56.443551+11:00,
121,33,135,COO,Cooper Companies (The),0000711404,2021,,coo_10k_2021,data/raw/annual_reports/711404/2021/coo_10k_2021.txt,ee3a5b8056107d480eb60e9b33b45724708f6bf425e63c74e4cd1fb2824c992a,txt,15532269,pending,10-K,v1,2025-12-06T19:23:56.631823+11:00,
122,33,136,COO,Cooper Companies (The),0000711404,2023,,coo_10k_2023,data/raw/annual_reports/711404/2023/coo_10k_2023.txt,e925ecd190f86045101d07bc27852aeda377e0c0aea7adc4375b284277811054,txt,12701960,pending,10-K,v1,2025-12-06T19:23:56.631823+11:00,
123,33,137,COO,Cooper Companies (The),0000711404,2024,,coo_10k_2024,data/raw/annual_reports/711404/2024/coo_10k_2024.txt,8846756c6e44b6b63c0095fec605ea83ee4b5b2674e14e8190b2d733d7b677af,txt,12315543,pending,10-K,v1,2025-12-06T19:23:56.631823+11:00,
124,33,138,COO,Cooper Companies (The),0000711404,2025,,coo_10k_2025,data/raw/annual_reports/711404/2025/coo_10k_2025.txt,fd18019055ad0b2b8767546388ad92ed6df981cad2ad17275403a32f9bc6a3f8,txt,12205439,pending,10-K,v1,2025-12-06T19:23:56.631823+11:00,
125,34,139,CPRT,Copart,0000900075,2021,,cprt_10k_2021,data/raw/annual_reports/900075/2021/cprt_10k_2021.html,44a592fcade31ee19c463123d4496af616939cf7ccd45792b792f04668481566,html,2615406,pending,10-K,v1,2025-12-06T19:23:56.678834+11:00,
126,34,140,CPRT,Copart,0000900075,2022,,cprt_10k_2022,data/raw/annual_reports/900075/2022/cprt_10k_2022.html,338e61174693fb7b897d5ae5057e02e7995684f6143582fd22b544d09d7620c1,html,2612806,pending,10-K,v1,2025-12-06T19:23:56.678834+11:00,
127,34,141,CPRT,Copart,0000900075,2023,,cprt_10k_2023,data/raw/annual_reports/900075/2023/cprt_10k_2023.html,0a7959c0988e724a2e2be9dc9b1fbd02d5974ca9b6473e3fefd2c1251b15f3de,html,2084850,pending,10-K,v1,2025-12-06T19:23:56.678834+11:00,
128,34,142,CPRT,Copart,0000900075,2024,,cprt_10k_2024,data/raw/annual_reports/900075/2024/cprt_10k_2024.html,550aecb92d560ca15b4c98c85ae699dc18e51d8afaeaab32d4adca8e7fb4339d,html,2048063,pending,10-K,v1,2025-12-06T19:23:56.678834+11:00,
129,35,143,GLW,Corning Inc.,0000024741,2021,,glw_10k_2021,data/raw/annual_reports/24741/2021/glw_10k_2021.txt,0d2d0c5908d1593935813875398d442d1caa2612e60a6fd5906ac2476c373ee5,txt,54109759,pending,10-K,v1,2025-12-06T19:23:56.700146+11:00,
130,35,144,GLW,Corning Inc.,0000024741,2022,,glw_10k_2022,data/raw/annual_reports/24741/2022/glw_10k_2022.txt,cccacd2713e924d034b66564a1ee4eeca1ed807811c5d085bd47f5dc6ebe2578,txt,23634634,pending,10-K,v1,2025-12-06T19:23:56.700146+11:00,
131,35,145,GLW,Corning Inc.,0000024741,2023,,glw_10k_2023,data/raw/annual_reports/24741/2023/glw_10k_2023.html,b589dce258a05827167fb8192c5ecc045f854e5070efbafd109fac973c3b411c,html,4141377,pending,10-K,v1,2025-12-06T19:23:56.700146+11:00,
132,35,146,GLW,Corning Inc.,0000024741,2024,,glw_10k_2024,data/raw/annual_reports/24741/2024/glw_10k_2024.txt,cdc0382bab1afb353b13e39e28a1a95ae1a37aaff2eb69ad36b32bc1a145f051,txt,20535158,pending,10-K,v1,2025-12-06T19:23:56.700146+11:00,
133,35,147,GLW,Corning Inc.,0000024741,2025,,glw_10k_2025,data/raw/annual_reports/24741/2025/glw_10k_2025.txt,2dfafc34fe9957e06a3cfcdcbe4bb6dd9b630b5d5bdab1eb82a58c370189ff8b,txt,19467186,pending,10-K,v1,2025-12-06T19:23:56.700146+11:00,
134,36,148,D,Dominion Energy,0000715957,2021,,d_10k_2021,data/raw/annual_reports/715957/2021/d_10k_2021.txt,4365f6d012220ec8e360abe2a2901257a439066eb165a954ad72746167a897ad,txt,84208284,pending,10-K,v1,2025-12-07T06:14:50.474420+11:00,
135,36,149,D,Dominion Energy,0000715957,2022,,d_10k_2022,data/raw/annual_reports/715957/2022/d_10k_2022.txt,7bc155b98c59513e24389d02ace00d1dedf8b9c0fa2b8db3db06d6e638a3c6ed,txt,83438418,pending,10-K,v1,2025-12-07T06:14:50.474420+11:00,
136,36,150,D,Dominion Energy,0000715957,2024,,d_10k_2024,data/raw/annual_reports/715957/2024/d_10k_2024.txt,b483fdaa18ae670b9d22b7d48eb4885670f6920e0faf09fcd2c78f337ed96557,txt,67323474,pending,10-K,v1,2025-12-07T06:14:50.474420+11:00,
137,36,151,D,Dominion Energy,0000715957,2025,,d_10k_2025,data/raw/annual_reports/715957/2025/d_10k_2025.txt,426aa0debf4e5c95fd64a4adf16305f9eb3c2d7894dd9a89ecb95b34cec90602,txt,74431793,pending,10-K,v1,2025-12-07T06:14:50.474420+11:00,
138,37,152,DPZ,Domino's,0001286681,2021,,dpz_10k_2021,data/raw/annual_reports/1286681/2021/dpz_10k_2021.txt,15afba0c2749bcc00ac509d6e938d9c1790c1dc434281a022dd76a691f87c55e,txt,10953253,pending,10-K,v1,2025-12-07T06:14:50.698539+11:00,
139,37,153,DPZ,Domino's,0001286681,2022,,dpz_10k_2022,data/raw/annual_reports/1286681/2022/dpz_10k_2022.txt,8b7c7f122ffef9b1831a0fedd2e8d9a9755b6bc46141b3c41e263d6cc83d4efb,txt,19046979,pending,10-K,v1,2025-12-07T06:14:50.698539+11:00,
140,37,154,DPZ,Domino's,0001286681,2023,,dpz_10k_2023,data/raw/annual_reports/1286681/2023/dpz_10k_2023.txt,7d249ca39df09c2987da87ad7c89ba5ab06057ba1a026629c3150e05fbe77943,txt,20646452,pending,10-K,v1,2025-12-07T06:14:50.698539+11:00,
141,37,155,DPZ,Domino's,0001286681,2024,,dpz_10k_2024,data/raw/annual_reports/1286681/2024/dpz_10k_2024.html,2f5a938f17a41a95d61d0f614142393e3111583f3a672c361aaf5c4cdf5e1070,html,3690771,pending,10-K,v1,2025-12-07T06:14:50.698539+11:00,
142,37,156,DPZ,Domino's,0001286681,2025,,dpz_10k_2025,data/raw/annual_reports/1286681/2025/dpz_10k_2025.txt,418af57ae565359cf4d0a70f3772075049d193068ee6c95748bf0ee693116295,txt,19649998,pending,10-K,v1,2025-12-07T06:14:50.698539+11:00,
143,38,157,DASH,DoorDash,0001792789,2022,,dash_10k_2022,data/raw/annual_reports/1792789/2022/dash_10k_2022.txt,44e656cfd1088253211ff97f86b8b09761f234fdc0f1385c9d3f43c64f34e72b,txt,12535151,pending,10-K,v1,2025-12-07T06:14:50.765281+11:00,
144,38,158,DASH,DoorDash,0001792789,2023,,dash_10k_2023,data/raw/annual_reports/1792789/2023/dash_10k_2023.txt,de3c5c4d9bf3dbb5527d6c83c5c277ad3686f72b8b473432c5ed1f71bf99e5b3,txt,16085628,pending,10-K,v1,2025-12-07T06:14:50.765281+11:00,
145,38,159,DASH,DoorDash,0001792789,2024,,dash_10k_2024,data/raw/annual_reports/1792789/2024/dash_10k_2024.txt,08134fdfb98fa6b535e4f0c6015a095336b1cd926310edf77076c1bfa520948e,txt,14706857,pending,10-K,v1,2025-12-07T06:14:50.765281+11:00,
146,38,160,DASH,DoorDash,0001792789,2025,,dash_10k_2025,data/raw/annual_reports/1792789/2025/dash_10k_2025.txt,2bcfcadae25d371b016625e9343ce380118e916a6d214aeb633a4bb00c6b6646,txt,12940572,pending,10-K,v1,2025-12-07T06:14:50.765281+11:00,
147,39,161,DOV,Dover Corporation,0000029905,2025,,dov_10k_2025,data/raw/annual_reports/29905/2025/dov_10k_2025.txt,0eaf4e47ecddab28d3d752bc3050e7e20dd64d1ccb146ea25f154ebe7df48bec,txt,19167105,pending,10-K,v1,2025-12-07T06:14:50.818927+11:00,
148,40,162,DOW,Dow Inc.,0001751788,2024,,dow_10k_2024,data/raw/annual_reports/1751788/2024/dow_10k_2024.html,bea5e136be121bb4532d5ce7d8bfb70b729a1fc511573bb41220606cc471d066,html,293480,pending,10-K,v1,2025-12-07T06:14:50.837215+11:00,
149,41,163,DD,DuPont,0001666700,2021,,dd_10k_2021,data/raw/annual_reports/1666700/2021/dd_10k_2021.html,79ac0a8b0190e7c3c4c8f49d478b8313a6954c03d6aefbd845c3549c344a02bb,html,5828800,pending,10-K,v1,2025-12-07T06:14:50.842603+11:00,
150,41,164,DD,DuPont,0001666700,2022,,dd_10k_2022,data/raw/annual_reports/1666700/2022/dd_10k_2022.html,ea38681cdabaafdf0ca69a13ff7deca0afd887eb679c83a7037ee3275f4d9e67,html,5043286,pending,10-K,v1,2025-12-07T06:14:50.842603+11:00,
151,41,165,DD,DuPont,0001666700,2023,,dd_10k_2023,data/raw/annual_reports/1666700/2023/dd_10k_2023.txt,2d1339d67ead81242e5c2b83e8dca1ebae8dab77745a99758de1232c274f4c57,txt,25156280,pending,10-K,v1,2025-12-07T06:14:50.842603+11:00,
152,41,166,DD,DuPont,0001666700,2024,,dd_10k_2024,data/raw/annual_reports/1666700/2024/dd_10k_2024.html,ba14bf3ce0788080556c17638bb38b12420c30a132661eee6bb824de0d6f1571,html,3699036,pending,10-K,v1,2025-12-07T06:14:50.842603+11:00,
153,41,167,DD,DuPont,0001666700,2025,,dd_10k_2025,data/raw/annual_reports/1666700/2025/dd_10k_2025.html,8c2894cc05a9afd519e61501178966c8ffae3b051d6ab7befbe98609de2be24d,html,3601707,pending,10-K,v1,2025-12-07T06:14:50.842603+11:00,
154,42,168,EMN,Eastman Chemical Company,0000915389,2025,,emn_10k_2025,data/raw/annual_reports/915389/2025/emn_10k_2025.html,e0aa343337f5c1fae71416898a03dbf84e915b52aaa70c4ca9935a8893dbb15c,html,4012727,pending,10-K,v1,2025-12-07T06:14:50.891206+11:00,
155,43,169,ETN,Eaton Corporation,0001551182,2022,,etn_10k_2022,data/raw/annual_reports/1551182/2022/etn_10k_2022.html,18afa0f3347bdf8248ce6d1ad5ce592d9acd4f96636820f7130f7da21df2c2c7,html,4741348,pending,10-K,v1,2025-12-07T06:14:50.901754+11:00,
156,43,170,ETN,Eaton Corporation,0001551182,2023,,etn_10k_2023,data/raw/annual_reports/1551182/2023/etn_10k_2023.html,4570e47a048857c42fa98a98a40f4067e066e7f5d927f4f8b5479e5800da3949,html,4491244,pending,10-K,v1,2025-12-07T06:14:50.901754+11:00,
157,43,171,ETN,Eaton Corporation,0001551182,2024,,etn_10k_2024,data/raw/annual_reports/1551182/2024/etn_10k_2024.html,b9c5b662ab30bda4e5a3f7b001910a18b9a788f17b0588e3a2130ed6cacc3ab7,html,3421113,pending,10-K,v1,2025-12-07T06:14:50.901754+11:00,
158,43,172,ETN,Eaton Corporation,0001551182,2025,,etn_10k_2025,data/raw/annual_reports/1551182/2025/etn_10k_2025.html,ee3a216789b7a3e33224bb01c305100ebeace10168dd5a455fdd9c9a536e9fcb,html,3366475,pending,10-K,v1,2025-12-07T06:14:50.901754+11:00,
159,44,173,EBAY,eBay Inc.,0001065088,2024,,ebay_10k_2024,data/raw/annual_reports/1065088/2024/ebay_10k_2024.html,91df8d3960f2859cc83f464b561731e75c0f5e79955861805eefd57535af84ec,html,3075061,pending,10-K,v1,2025-12-07T06:14:50.924857+11:00,
160,44,174,EBAY,eBay Inc.,0001065088,2025,,ebay_10k_2025,data/raw/annual_reports/1065088/2025/ebay_10k_2025.html,34276be12d2d1f9c89d34ccde957d2894396e572f17b8f0859269951aa2b428c,html,2807295,pending,10-K,v1,2025-12-07T06:14:50.924857+11:00,
161,45,175,ECL,Ecolab,0000031462,2021,,ecl_10k_2021,data/raw/annual_reports/31462/2021/ecl_10k_2021.html,a935dd3fa07b14d615e3e04df43bbc8eb44d4f13cde7e38dd0b3eab8044fa362,html,9223562,pending,10-K,v1,2025-12-07T06:14:50.935863+11:00,
162,45,176,ECL,Ecolab,0000031462,2022,,ecl_10k_2022,data/raw/annual_reports/31462/2022/ecl_10k_2022.txt,fc2981934a6b57ffd7cf4af1eed580cb97fdc14d1165a361df940f79b7d7b93e,txt,38280021,pending,10-K,v1,2025-12-07T06:14:50.935863+11:00,
163,45,177,ECL,Ecolab,0000031462,2023,,ecl_10k_2023,data/raw/annual_reports/31462/2023/ecl_10k_2023.html,fe915b59aed0fd634b75ead7f1153ff4738dcbeefb5ade9b657aa20959ae705a,html,8772336,pending,10-K,v1,2025-12-07T06:14:50.935863+11:00,
164,45,178,ECL,Ecolab,0000031462,2024,,ecl_10k_2024,data/raw/annual_reports/31462/2024/ecl_10k_2024.txt,6d2bb738052241792a5bb2ba026ec7c7377bd8a658aac9c2e2a4bc9dddb628fc,txt,35078417,pending,10-K,v1,2025-12-07T06:14:50.935863+11:00,
165,45,179,ECL,Ecolab,0000031462,2025,,ecl_10k_2025,data/raw/annual_reports/31462/2025/ecl_10k_2025.html,975ec6abe0f3db85972bfe9745746a1c4c92306ec05336980234e8fdf628fb77,html,8220383,pending,10-K,v1,2025-12-07T06:14:50.935863+11:00,
166,46,180,EIX,Edison International,0000827052,2022,,eix_10k_2022,data/raw/annual_reports/827052/2022/eix_10k_2022.html,bff2f763a991d670ee29d42c2dd24ad888524f19fa0ee53504da8050a3de9c5a,html,8115685,pending,10-K,v1,2025-12-07T06:14:51.011150+11:00,
167,46,181,EIX,Edison International,0000827052,2024,,eix_10k_2024,data/raw/annual_reports/827052/2024/eix_10k_2024.txt,21d505c752a9bd67a6709d387ddda4c1222917c682b1ef013b22ee576871d797,txt,33888835,pending,10-K,v1,2025-12-07T06:14:51.011150+11:00,
168,46,182,EIX,Edison International,0000827052,2025,,eix_10k_2025,data/raw/annual_reports/827052/2025/eix_10k_2025.txt,e29820c05b44d7d5a52682ca80273b9657a425b19da044da54804ffab54b4841,txt,27033443,pending,10-K,v1,2025-12-07T06:14:51.011150+11:00,
169,47,183,EW,Edwards Lifesciences,0001099800,2021,,ew_10k_2021,data/raw/annual_reports/1099800/2021/ew_10k_2021.html,23937d389a4fe2e7aa57038a7cbb371e57787be0039247bb9194ce15c3e8f063,html,3687645,pending,10-K,v1,2025-12-07T06:14:51.068975+11:00,
170,47,184,EW,Edwards Lifesciences,0001099800,2024,,ew_10k_2024,data/raw/annual_reports/1099800/2024/ew_10k_2024.html,2275a3b81b15ffdecee0d0c75cf6cd2fd89bb8d5307bada31431ce4e6b969f90,html,2807361,pending,10-K,v1,2025-12-07T06:14:51.068975+11:00,
171,47,185,EW,Edwards Lifesciences,0001099800,2025,,ew_10k_2025,data/raw/annual_reports/1099800/2025/ew_10k_2025.html,f4404293b7f5a431ad16aee94293951c379fb6a37fabc18a8b60be5b382db538,html,3193702,pending,10-K,v1,2025-12-07T06:14:51.068975+11:00,
172,48,186,EA,Electronic Arts,0000712515,2021,,ea_10k_2021,data/raw/annual_reports/712515/2021/ea_10k_2021.txt,7859da6f44a82fa30c658bac6bf181b33df37da99ce3552b5880f39e73c791f6,txt,15317096,pending,10-K,v1,2025-12-07T06:14:51.087850+11:00,
173,48,187,EA,Electronic Arts,0000712515,2022,,ea_10k_2022,data/raw/annual_reports/712515/2022/ea_10k_2022.txt,cd4571055536a66841e00f0d0657b11ddc0c5d814a8915a013ac192d521167f8,txt,15279648,pending,10-K,v1,2025-12-07T06:14:51.087850+11:00,
174,48,188,EA,Electronic Arts,0000712515,2023,,ea_10k_2023,data/raw/annual_reports/712515/2023/ea_10k_2023.txt,7a611e45846dcd0ee0486c38c60c83a911888683ee197b147664b82d4d0bf7c7,txt,14926375,pending,10-K,v1,2025-12-07T06:14:51.087850+11:00,
175,48,189,EA,Electronic Arts,0000712515,2024,,ea_10k_2024,data/raw/annual_reports/712515/2024/ea_10k_2024.txt,50a2a0c20e53fb9e78e552d88ab4e4526615e07a7cd91f522b3a20577e780778,txt,13984366,pending,10-K,v1,2025-12-07T06:14:51.087850+11:00,
176,48,190,EA,Electronic Arts,0000712515,2025,,ea_10k_2025,data/raw/annual_reports/712515/2025/ea_10k_2025.txt,626ffa97465482d276f67290cd058d7bc8b2bd18ecb9b2acc95ccaac91c34450,txt,13608667,pending,10-K,v1,2025-12-07T06:14:51.087850+11:00,
177,49,191,ELV,Elevance Health,0001156039,2021,,elv_10k_2021,data/raw/annual_reports/1156039/2021/elv_10k_2021.txt,2c6b00fd4af477d59e7bc2dac212ac5a1da6f47f421d3f54c4f57b2d436c8bf8,txt,29792114,pending,10-K,v1,2025-12-07T06:14:51.172232+11:00,
178,49,192,ELV,Elevance Health,0001156039,2022,,elv_10k_2022,data/raw/annual_reports/1156039/2022/elv_10k_2022.html,d3efec7c1cd1a18563c6d455eeee128412b9bdb1a0195e54cc9b209ac0ad103b,html,5429581,pending,10-K,v1,2025-12-07T06:14:51.172232+11:00,
179,49,193,ELV,Elevance Health,0001156039,2023,,elv_10k_2023,data/raw/annual_reports/1156039/2023/elv_10k_2023.html,0e1ccc4eab3389a912ddc2ce4a977b789dab880af12c491e3e00ea5c296fb105,html,5496870,pending,10-K,v1,2025-12-07T06:14:51.172232+11:00,
180,49,194,ELV,Elevance Health,0001156039,2024,,elv_10k_2024,data/raw/annual_reports/1156039/2024/elv_10k_2024.html,4eff7f56cd9e354229a0748dc25e6f4e882cad419660468b5ddff9b602efbe80,html,4164544,pending,10-K,v1,2025-12-07T06:14:51.172232+11:00,
181,49,195,ELV,Elevance Health,0001156039,2025,,elv_10k_2025,data/raw/annual_reports/1156039/2025/elv_10k_2025.html,1f88996c8506b0832eae1503d15136d7464f596c754d2a4e95374a88f96e6969,html,4246972,pending,10-K,v1,2025-12-07T06:14:51.172232+11:00,
182,50,196,EMR,Emerson Electric,0000032604,2021,,emr_10k_2021,data/raw/annual_reports/32604/2021/emr_10k_2021.html,53702cefce9dcdd954c8bca7164786e015d3535adc543821505051b18134ad74,html,2675708,pending,10-K,v1,2025-12-07T06:14:51.258932+11:00,
183,50,197,EMR,Emerson Electric,0000032604,2022,,emr_10k_2022,data/raw/annual_reports/32604/2022/emr_10k_2022.html,94caad991c12649db270eb54bf61a0008aa197f68568aea48af9a0e9d13d571b,html,3105173,pending,10-K,v1,2025-12-07T06:14:51.258932+11:00,
184,50,198,EMR,Emerson Electric,0000032604,2024,,emr_10k_2024,data/raw/annual_reports/32604/2024/emr_10k_2024.html,ca7abdf98d10d1e00b5855509d8e596c2c731df1952dcb9cff7af579aa851512,html,2898562,pending,10-K,v1,2025-12-07T06:14:51.258932+11:00,
185,50,199,EMR,Emerson Electric,0000032604,2025,,emr_10k_2025,data/raw/annual_reports/32604/2025/emr_10k_2025.html,020acc4421c7c29f3ee02970da31ba4af64cf5bfdc4c8c6a789a98ae70427734,html,2830536,pending,10-K,v1,2025-12-07T06:14:51.258932+11:00,
186,51,200,ENPH,Enphase Energy,0001463101,2023,,enph_10k_2023,data/raw/annual_reports/1463101/2023/enph_10k_2023.txt,6e06874fd5c98658908cd89521f06c00c75fe9d9cf050caddd7c84adb9f27f17,txt,17642816,pending,10-K,v1,2025-12-07T06:14:51.286412+11:00,
187,52,201,ETR,Entergy,0000065984,2021,,etr_10k_2021,data/raw/annual_reports/65984/2021/etr_10k_2021.html,3ce919cc90479e919bc6366cbb0b80bf9f9d9b05c799653a77334a1a6b2861d6,html,19630995,pending,10-K,v1,2025-12-07T06:14:51.303755+11:00,
188,52,202,ETR,Entergy,0000065984,2024,,etr_10k_2024,data/raw/annual_reports/65984/2024/etr_10k_2024.html,6674dffa177c22ea8f14d4cf515bb5c8bb34776d72b9bfb88113ac8ef3ed0ded,html,15213193,pending,10-K,v1,2025-12-07T06:14:51.303755+11:00,
189,53,203,EOG,EOG Resources,0000821189,2021,,eog_10k_2021,data/raw/annual_reports/821189/2021/eog_10k_2021.html,05bb41808eb92a674c2bdf75fad166c2c4e03362993a16eaea434afe97f79031,html,5459962,pending,10-K,v1,2025-12-07T06:14:51.340278+11:00,
190,53,204,EOG,EOG Resources,0000821189,2022,,eog_10k_2022,data/raw/annual_reports/821189/2022/eog_10k_2022.html,6d5fda453c8426c6a0a01e5fa1affee1bff3d7da7d7dd58d6d3fcbaead14d5d3,html,5150382,pending,10-K,v1,2025-12-07T06:14:51.340278+11:00,
191,53,205,EOG,EOG Resources,0000821189,2024,,eog_10k_2024,data/raw/annual_reports/821189/2024/eog_10k_2024.html,c5a2b3c1efa6d803de33446bc5e43855a6bd4b403b8d2279b7d263e9f860fb5e,html,3189028,pending,10-K,v1,2025-12-07T06:14:51.340278+11:00,
192,53,206,EOG,EOG Resources,0000821189,2025,,eog_10k_2025,data/raw/annual_reports/821189/2025/eog_10k_2025.txt,f6c0d9fe07b46a128f2585b8c7b203c217f0f96129fb44c94517cda774727538,txt,13332612,pending,10-K,v1,2025-12-07T06:14:51.340278+11:00,
193,54,207,EPAM,EPAM Systems,0001352010,2021,,epam_10k_2021,data/raw/annual_reports/1352010/2021/epam_10k_2021.txt,04f22fc2393bd300b5bceedbf87f55f4189e66294bf68a7aaa11015c20c514c2,txt,18353022,pending,10-K,v1,2025-12-07T06:14:51.377833+11:00,
194,54,208,EPAM,EPAM Systems,0001352010,2022,,epam_10k_2022,data/raw/annual_reports/1352010/2022/epam_10k_2022.txt,e5f9e2a50a6648789edd155a2a53a9f6eafef7c1435e2f25b1818b084ca0a3b9,txt,16756057,pending,10-K,v1,2025-12-07T06:14:51.377833+11:00,
195,54,209,EPAM,EPAM Systems,0001352010,2023,,epam_10k_2023,data/raw/annual_reports/1352010/2023/epam_10k_2023.txt,4cf2542097c402b26cb89fb1cf6db3a06bc62198fb58dc01d4e49a6ab8bae8c7,txt,18715258,pending,10-K,v1,2025-12-07T06:14:51.377833+11:00,
196,54,210,EPAM,EPAM Systems,0001352010,2024,,epam_10k_2024,data/raw/annual_reports/1352010/2024/epam_10k_2024.html,3f5c96eed2d634763c66a029b38523670209717ab35dc23bd95b01e217671733,html,3007067,pending,10-K,v1,2025-12-07T06:14:51.377833+11:00,
197,54,211,EPAM,EPAM Systems,0001352010,2025,,epam_10k_2025,data/raw/annual_reports/1352010/2025/epam_10k_2025.html,6c7b7e347a4413f552bcc5cb1a713fcac5e3bf45351b1c6e8001af1f4913715a,html,2954179,pending,10-K,v1,2025-12-07T06:14:51.377833+11:00,
198,55,212,EQT,EQT Corporation,0000033213,2022,,eqt_10k_2022,data/raw/annual_reports/33213/2022/eqt_10k_2022.txt,fc335a14e418f003137b8c106a4fc7915e205b17fe34dc7af732fd538574df0d,txt,18617079,pending,10-K,v1,2025-12-07T06:14:51.444235+11:00,
199,55,213,EQT,EQT Corporation,0000033213,2023,,eqt_10k_2023,data/raw/annual_reports/33213/2023/eqt_10k_2023.txt,1bb5aacdb80e8ed3ae546f17e75ad911cdb212bb0ce67090402207993c85c71f,txt,19706636,pending,10-K,v1,2025-12-07T06:14:51.444235+11:00,
200,55,214,EQT,EQT Corporation,0000033213,2024,,eqt_10k_2024,data/raw/annual_reports/33213/2024/eqt_10k_2024.html,d441f24068ceda86f737d39f744b8c9d14e9e37d5c876c299ac418f4e05462d4,html,2921995,pending,10-K,v1,2025-12-07T06:14:51.444235+11:00,
201,55,215,EQT,EQT Corporation,0000033213,2025,,eqt_10k_2025,data/raw/annual_reports/33213/2025/eqt_10k_2025.html,bdf671df27bc5c7f2db9c34247fc030cc598ed878fd51b544520cd82289869de,html,3862296,pending,10-K,v1,2025-12-07T06:14:51.444235+11:00,
202,56,216,EFX,Equifax,0000033185,2021,,efx_10k_2021,data/raw/annual_reports/33185/2021/efx_10k_2021.html,666b16ae9f1f78659d5c3d397eabcbadde547921990c6f251ec5fefaec915943,html,4794907,pending,10-K,v1,2025-12-07T06:14:51.489191+11:00,
203,56,217,EFX,Equifax,0000033185,2022,,efx_10k_2022,data/raw/annual_reports/33185/2022/efx_10k_2022.html,dce64b7df4929cab0a9217c04260cf10d714fe878df43c3dbce5fc963c49f9d1,html,4006809,pending,10-K,v1,2025-12-07T06:14:51.489191+11:00,
204,56,218,EFX,Equifax,0000033185,2025,,efx_10k_2025,data/raw/annual_reports/33185/2025/efx_10k_2025.html,49b416e99414f49dea4624b22fe6303787e634979f13559cad16738c405d6fdf,html,3162422,pending,10-K,v1,2025-12-07T06:14:51.489191+11:00,
205,57,219,EQIX,Equinix,0001101239,2022,,eqix_10k_2022,data/raw/annual_reports/1101239/2022/eqix_10k_2022.html,b812eade797295c4869f3b6cd3a6b043538b346376c3a11d1e4425915f2bd7bb,html,6921698,pending,10-K,v1,2025-12-07T06:14:51.512878+11:00,
206,57,220,EQIX,Equinix,0001101239,2023,,eqix_10k_2023,data/raw/annual_reports/1101239/2023/eqix_10k_2023.html,489ca2c97cc73e3df68afa964e2535cbde51a1e8f31ff085b11fbd07af7b5c1c,html,6920346,pending,10-K,v1,2025-12-07T06:14:51.512878+11:00,
207,57,221,EQIX,Equinix,0001101239,2025,,eqix_10k_2025,data/raw/annual_reports/1101239/2025/eqix_10k_2025.txt,6c0054cc0dff4c4fe44a7dff0f2f0e8fed6881227e82c08365f489594e82550f,txt,40278049,pending,10-K,v1,2025-12-07T06:14:51.512878+11:00,
